{
  "accuracy": 0.9677914381027222,
  "loss": 0.08089039474725723,
  "val_accuracy": 0.7756410241127014,
  "val_loss": 0.9419013857841492,
  "epoch": 0,
  "global_step": 163
}