{
  "accuracy": 0.9727760553359985,
  "loss": 0.0749150887131691,
  "val_accuracy": 0.7339743375778198,
  "val_loss": 1.0987505912780762,
  "epoch": 0,
  "global_step": 163
}