{
  "accuracy": 0.9488113522529602,
  "loss": 0.14379392564296722,
  "val_accuracy": 0.8541666865348816,
  "val_loss": 0.35561054944992065,
  "epoch": 1,
  "global_step": 326
}