{
  "accuracy": 0.7896856069564819,
  "loss": 0.38931551575660706,
  "val_accuracy": 0.8253205418586731,
  "val_loss": 0.37287119030952454,
  "epoch": 0,
  "global_step": 163
}